{"cameraMode":{"drawMode":0,"name":"Shaded","section":"Shading Mode"},"sceneLighting":true,"audioPlay":false,"sceneViewState":{"showFog":true,"showMaterialUpdate":false,"showSkybox":true,"showFlares":true,"showImageEffects":true,"showParticleSystems":true},"in2DMode":false,"pivot":{"x":-1.041812539100647,"y":-0.26689061522483828,"z":1.445719599723816},"rotation":{"x":-0.03179704770445824,"y":-0.022751925513148309,"z":0.0007510838913731277,"w":-0.9992719292640686},"size":7.635064125061035,"orthographic":false}