{"cameraMode":{"drawMode":0,"name":"Shaded","section":"Shading Mode"},"sceneLighting":false,"audioPlay":false,"sceneViewState":{"showFog":true,"showMaterialUpdate":false,"showSkybox":false,"showFlares":true,"showImageEffects":true,"showParticleSystems":true},"in2DMode":false,"pivot":{"x":34.81603240966797,"y":2.055495500564575,"z":-3.7709569931030275},"rotation":{"x":-0.12091045081615448,"y":-0.09836649894714356,"z":0.01209014281630516,"w":-0.9877408742904663},"size":3.129244327545166,"orthographic":false}