{"cameraMode":{"drawMode":0,"name":"Shaded","section":"Shading Mode"},"sceneLighting":true,"audioPlay":false,"sceneViewState":{"showFog":true,"showMaterialUpdate":false,"showSkybox":true,"showFlares":true,"showImageEffects":true,"showParticleSystems":true},"in2DMode":false,"pivot":{"x":6.092826843261719,"y":0.5038328170776367,"z":-1.3816566467285157},"rotation":{"x":-0.2142094373703003,"y":-0.17067581415176392,"z":0.03806251287460327,"w":-0.9610478281974793},"size":22.0,"orthographic":false}