{"cameraMode":{"drawMode":0,"name":"Shaded","section":"Shading Mode"},"sceneLighting":true,"audioPlay":false,"sceneViewState":{"showFog":true,"showMaterialUpdate":false,"showSkybox":true,"showFlares":true,"showImageEffects":true,"showParticleSystems":true},"in2DMode":false,"pivot":{"x":24.321439743041993,"y":9.7724609375,"z":-11.903608322143555},"rotation":{"x":-0.18960785865783692,"y":0.023308362811803819,"z":-0.004465968813747168,"w":-0.9816091060638428},"size":6.735063552856445,"orthographic":false}