{"cameraMode":{"drawMode":0,"name":"Shaded","section":"Shading Mode"},"sceneLighting":false,"audioPlay":false,"sceneViewState":{"showFog":true,"showMaterialUpdate":false,"showSkybox":false,"showFlares":true,"showImageEffects":true,"showParticleSystems":true},"in2DMode":false,"pivot":{"x":-14.213560104370118,"y":-0.16185760498046876,"z":-0.6498271822929382},"rotation":{"x":0.031951967626810077,"y":-0.707893431186676,"z":0.032104991376399997,"w":0.7049123644828796},"size":18.576244354248048,"orthographic":false}