{"cameraMode":{"drawMode":0,"name":"Shaded","section":"Shading Mode"},"sceneLighting":false,"audioPlay":false,"sceneViewState":{"showFog":true,"showMaterialUpdate":false,"showSkybox":false,"showFlares":true,"showImageEffects":true,"showParticleSystems":true},"in2DMode":false,"pivot":{"x":-23.832473754882814,"y":-6.9921369552612309,"z":2.0318491458892824},"rotation":{"x":0.11798921972513199,"y":-0.6599212884902954,"z":0.10604559630155564,"w":0.734441876411438},"size":30.007781982421876,"orthographic":false}