{"cameraMode":{"drawMode":0,"name":"Shaded","section":"Shading Mode"},"sceneLighting":false,"audioPlay":false,"sceneViewState":{"showFog":true,"showMaterialUpdate":false,"showSkybox":false,"showFlares":true,"showImageEffects":true,"showParticleSystems":true},"in2DMode":false,"pivot":{"x":-1.1383488178253174,"y":3.2530455589294435,"z":-9.386713027954102},"rotation":{"x":0.49767786264419558,"y":0.08689871430397034,"z":-0.050146423280239108,"w":0.861576497554779},"size":1.229490876197815,"orthographic":false}