{"cameraMode":{"drawMode":0,"name":"Shaded","section":"Shading Mode"},"sceneLighting":false,"audioPlay":false,"sceneViewState":{"showFog":true,"showMaterialUpdate":false,"showSkybox":false,"showFlares":true,"showImageEffects":true,"showParticleSystems":true},"in2DMode":false,"pivot":{"x":-2.086162567138672e-7,"y":0.26842451095581057,"z":0.021861761808395387},"rotation":{"x":0.16615788638591767,"y":-0.6954002976417542,"z":0.17040683329105378,"w":0.6780866980552673},"size":5703.369140625,"orthographic":false}